Message ID,Conversation ID,Conversation Name,Device ID,Question Id,Question Type,Question Title,Question Description,Question Duration,Question Score,Question Max Score,Question Options,Question Response,X Path,Eof,Timestamp,@timestamp
ASSESS:c4d8e62755433c99a1934fc56d03370d,c387e983-f87b-4471-aef5-c31634fd1433,Global Tara Bot,cbcf21a0-73ad-4e96-9802-38ea535cf88b,a3fd00b8-eac9-4efa-944a-19b8788e1084,mcq,"Hi, I'm Tara,
May I help you?

Reply with a number from to the options shown to explore further","",0,1,1,"[{\"1\":{\"text\":\"1 Your Education Boards\"}},{\"2\":{\"text\":\"2 Comic books\"}},{\"3\":{\"text\":\"3 DIKSHA mobile app\"}},{\"4\":{\"text\":\"4 DIKSHA queries\"}}]","[{\"ans1\":\"2 Comic books\"}]",question./data/bot_start[1]/start_program[1],false,2022-06-21T14:45:56.892Z,2022-06-21T14:45:56.892Z
ASSESS:75ded50306f33dcfbc08656f1db69c69,c387e983-f87b-4471-aef5-c31634fd1433,Global Tara Bot,cbcf21a0-73ad-4e96-9802-38ea535cf88b,65292cdc-8ba5-41c8-afbe-450682e60de4,mcq,"Have fun while you learn using comic books! 
Each comic book is aligned to a specific chapter/concept within the NCERT textbooks.

Reply with a number from the options shown below to choose your class","",0,1,1,"[{\"1\":{\"text\":\"1 Class 1\"}},{\"2\":{\"text\":\"2 Class 2\"}},{\"3\":{\"text\":\"3 Class 3\"}},{\"4\":{\"text\":\"4 Class 4\"}},{\"5\":{\"text\":\"5 Class 5\"}},{\"6\":{\"text\":\"6 Class 6\"}},{\"7\":{\"text\":\"7 Class 7\"}},{\"8\":{\"text\":\"8 Class 8\"}},{\"9\":{\"text\":\"9 Class 9\"}},{\"10\":{\"text\":\"10 Class 10\"}},{\"11\":{\"text\":\"11 Class 11\"}},{\"12\":{\"text\":\"12 Class 12\"}}]","[{\"1\":{\"text\":\"1 Class 1\"}}]",question./data/comic_books[1]/comic_book_class[1],true,2022-06-21T14:47:06.666Z,2022-06-21T14:47:06.666Z
ASSESS:ea928199b0e03300bd191eaff9045425,c387e983-f87b-4471-aef5-c31634fd1433,Global Tara Bot,cbcf21a0-73ad-4e96-9802-38ea535cf88b,04b68b0c-bfcf-4358-878f-b5eb482c480e,ftp,"","",0,1,1,[],"[{\"ans1\":\"0\"}]",question./data/comic_books[1]/eof_comic_book_class[1],false,2022-06-21T14:48:17.046Z,2022-06-21T14:48:17.046Z
ASSESS:7614b981ecf4379cb8e9f740f0a63879,c387e983-f87b-4471-aef5-c31634fd1433,Global Tara Bot,cbcf21a0-73ad-4e96-9802-38ea535cf88b,a3fd00b8-eac9-4efa-944a-19b8788e1084,mcq,"Hi, I'm Tara,
May I help you?

Reply with a number from to the options shown to explore further","",0,1,1,"[{\"1\":{\"text\":\"1 Your Education Boards\"}},{\"2\":{\"text\":\"2 Comic books\"}},{\"3\":{\"text\":\"3 DIKSHA mobile app\"}},{\"4\":{\"text\":\"4 DIKSHA queries\"}}]","[{\"ans1\":\"3 DIKSHA mobile app\"}]",question./data/bot_start[1]/start_program[1],true,2022-06-21T14:50:38.951Z,2022-06-21T14:50:38.951Z
ASSESS:37b8fd4a3f8e3c19b5f4f36b1f598479,c387e983-f87b-4471-aef5-c31634fd1433,Global Tara Bot,cbcf21a0-73ad-4e96-9802-38ea535cf88b,f892197a-0d12-42e5-bb7b-915ad44371ec,ftp,"","",0,1,1,[],"[{\"ans1\":\"0\"}]",question./data/diksha_app[1]/eof_diksha_app[1],false,2022-06-21T14:50:45.665Z,2022-06-21T14:50:45.665Z
ASSESS:421030ead1ee32c28e8d8a2f122cb168,c387e983-f87b-4471-aef5-c31634fd1433,Global Tara Bot,cbcf21a0-73ad-4e96-9802-38ea535cf88b,a3fd00b8-eac9-4efa-944a-19b8788e1084,mcq,"Hi, I'm Tara,
May I help you?

Reply with a number from to the options shown to explore further","",0,1,1,"[{\"1\":{\"text\":\"1 Your Education Boards\"}},{\"2\":{\"text\":\"2 Comic books\"}},{\"3\":{\"text\":\"3 DIKSHA mobile app\"}},{\"4\":{\"text\":\"4 DIKSHA queries\"}}]","[{\"ans1\":\"1 Your Education Boards\"}]",question./data/bot_start[1]/start_program[1],false,2022-06-21T14:50:56.146Z,2022-06-21T14:50:56.146Z
ASSESS:7106c2afd0bc374ebd353fc3da67a08e,c387e983-f87b-4471-aef5-c31634fd1433,Global Tara Bot,cbcf21a0-73ad-4e96-9802-38ea535cf88b,65996f78-edae-41fb-8f7e-15b768b0405e,mcq,"Reply with a number from the options shown to explore further","",0,1,1,"[{\"1\":{\"text\":\"1 Andhra Pradesh\"}},{\"arunachal%20pradesh\":{\"text\":\"2. Arunachal Pradesh\"}},{\"3\":{\"text\":\"3 Assam\"}},{\"4\":{\"text\":\"4 Bihar\"}},{\"5\":{\"text\":\"5 Chandigarh\"}},{\"6\":{\"text\":\"6 Chhattisgarh\"}},{\"7\":{\"text\":\"7 Delhi\"}},{\"8\":{\"text\":\"8 Goa\"}},{\"9\":{\"text\":\"9 Gujarat\"}},{\"10\":{\"text\":\"10 Haryana\"}},{\"11\":{\"text\":\"11 Himachal Pradesh\"}},{\"12\":{\"text\":\"12 Jammu and Kashmir\"}},{\"13\":{\"text\":\"13 Jharkhand\"}},{\"14\":{\"text\":\"14 Karnataka\"}},{\"15\":{\"text\":\"15 Kerala\"}},{\"16\":{\"text\":\"16 Madhya Pradesh\"}},{\"17\":{\"text\":\"17 Maharashtra\"}},{\"18\":{\"text\":\"18 Manipur\"}},{\"19\":{\"text\":\"19 Meghalaya\"}},{\"mizoram\":{\"text\":\"20Mizoram\"}},{\"21\":{\"text\":\"21 Nagaland\"}},{\"22\":{\"text\":\"22 Odisha\"}},{\"23\":{\"text\":\"23 Punjab\"}},{\"24\":{\"text\":\"24 Rajasthan\"}},{\"25\":{\"text\":\"25 Sikkim\"}},{\"26\":{\"text\":\"26 Tamil nadu\"}},{\"27\":{\"text\":\"27 Telangana\"}},{\"28\":{\"text\":\"28 Tripura\"}},{\"29\":{\"text\":\"29 UttarPradesh\"}},{\"30\":{\"text\":\"30 Uttarakhand\"}},{\"31\":{\"text\":\"31 Andaman and Nicobar Islands\"}},{\"32\":{\"text\":\"32 DNH and DD\"}},{\"33\":{\"text\":\"33 Ladakh\"}},{\"34\":{\"text\":\"34 Puducherry\"}},{\"35\":{\"text\":\"35 CBSE/NCERT\"}},{\"36\":{\"text\":\"36 CISCE\"}}]","[{\"ans1\":\"90\"}]",question./data/board_selection[1]/selected_board[1],false,2022-06-21T14:51:07.740Z,2022-06-21T14:51:07.740Z
ASSESS:94b0464cc9653eac95447bca824bec1d,c387e983-f87b-4471-aef5-c31634fd1433,Global Tara Bot,cbcf21a0-73ad-4e96-9802-38ea535cf88b,65996f78-edae-41fb-8f7e-15b768b0405e,mcq,"Reply with a number from the options shown to explore further","",0,1,1,"[{\"1\":{\"text\":\"1 Andhra Pradesh\"}},{\"arunachal%20pradesh\":{\"text\":\"2. Arunachal Pradesh\"}},{\"3\":{\"text\":\"3 Assam\"}},{\"4\":{\"text\":\"4 Bihar\"}},{\"5\":{\"text\":\"5 Chandigarh\"}},{\"6\":{\"text\":\"6 Chhattisgarh\"}},{\"7\":{\"text\":\"7 Delhi\"}},{\"8\":{\"text\":\"8 Goa\"}},{\"9\":{\"text\":\"9 Gujarat\"}},{\"10\":{\"text\":\"10 Haryana\"}},{\"11\":{\"text\":\"11 Himachal Pradesh\"}},{\"12\":{\"text\":\"12 Jammu and Kashmir\"}},{\"13\":{\"text\":\"13 Jharkhand\"}},{\"14\":{\"text\":\"14 Karnataka\"}},{\"15\":{\"text\":\"15 Kerala\"}},{\"16\":{\"text\":\"16 Madhya Pradesh\"}},{\"17\":{\"text\":\"17 Maharashtra\"}},{\"18\":{\"text\":\"18 Manipur\"}},{\"19\":{\"text\":\"19 Meghalaya\"}},{\"mizoram\":{\"text\":\"20Mizoram\"}},{\"21\":{\"text\":\"21 Nagaland\"}},{\"22\":{\"text\":\"22 Odisha\"}},{\"23\":{\"text\":\"23 Punjab\"}},{\"24\":{\"text\":\"24 Rajasthan\"}},{\"25\":{\"text\":\"25 Sikkim\"}},{\"26\":{\"text\":\"26 Tamil nadu\"}},{\"27\":{\"text\":\"27 Telangana\"}},{\"28\":{\"text\":\"28 Tripura\"}},{\"29\":{\"text\":\"29 UttarPradesh\"}},{\"30\":{\"text\":\"30 Uttarakhand\"}},{\"31\":{\"text\":\"31 Andaman and Nicobar Islands\"}},{\"32\":{\"text\":\"32 DNH and DD\"}},{\"33\":{\"text\":\"33 Ladakh\"}},{\"34\":{\"text\":\"34 Puducherry\"}},{\"35\":{\"text\":\"35 CBSE/NCERT\"}},{\"36\":{\"text\":\"36 CISCE\"}}]","[{\"ans1\":\"91\"}]",question./data/board_selection[1]/selected_board[1],false,2022-06-21T14:51:21.348Z,2022-06-21T14:51:21.348Z
ASSESS:a50f467018353a9680c1ab98243066a3,c387e983-f87b-4471-aef5-c31634fd1433,Global Tara Bot,cbcf21a0-73ad-4e96-9802-38ea535cf88b,65996f78-edae-41fb-8f7e-15b768b0405e,mcq,"Reply with a number from the options shown to explore further","",0,1,1,"[{\"1\":{\"text\":\"1 Andhra Pradesh\"}},{\"arunachal%20pradesh\":{\"text\":\"2. Arunachal Pradesh\"}},{\"3\":{\"text\":\"3 Assam\"}},{\"4\":{\"text\":\"4 Bihar\"}},{\"5\":{\"text\":\"5 Chandigarh\"}},{\"6\":{\"text\":\"6 Chhattisgarh\"}},{\"7\":{\"text\":\"7 Delhi\"}},{\"8\":{\"text\":\"8 Goa\"}},{\"9\":{\"text\":\"9 Gujarat\"}},{\"10\":{\"text\":\"10 Haryana\"}},{\"11\":{\"text\":\"11 Himachal Pradesh\"}},{\"12\":{\"text\":\"12 Jammu and Kashmir\"}},{\"13\":{\"text\":\"13 Jharkhand\"}},{\"14\":{\"text\":\"14 Karnataka\"}},{\"15\":{\"text\":\"15 Kerala\"}},{\"16\":{\"text\":\"16 Madhya Pradesh\"}},{\"17\":{\"text\":\"17 Maharashtra\"}},{\"18\":{\"text\":\"18 Manipur\"}},{\"19\":{\"text\":\"19 Meghalaya\"}},{\"mizoram\":{\"text\":\"20Mizoram\"}},{\"21\":{\"text\":\"21 Nagaland\"}},{\"22\":{\"text\":\"22 Odisha\"}},{\"23\":{\"text\":\"23 Punjab\"}},{\"24\":{\"text\":\"24 Rajasthan\"}},{\"25\":{\"text\":\"25 Sikkim\"}},{\"26\":{\"text\":\"26 Tamil nadu\"}},{\"27\":{\"text\":\"27 Telangana\"}},{\"28\":{\"text\":\"28 Tripura\"}},{\"29\":{\"text\":\"29 UttarPradesh\"}},{\"30\":{\"text\":\"30 Uttarakhand\"}},{\"31\":{\"text\":\"31 Andaman and Nicobar Islands\"}},{\"32\":{\"text\":\"32 DNH and DD\"}},{\"33\":{\"text\":\"33 Ladakh\"}},{\"34\":{\"text\":\"34 Puducherry\"}},{\"35\":{\"text\":\"35 CBSE/NCERT\"}},{\"36\":{\"text\":\"36 CISCE\"}}]","[{\"4\":{\"text\":\"4 Bihar\"}}]",question./data/board_selection[1]/selected_board[1],false,2022-06-21T14:51:26.615Z,2022-06-21T14:51:26.615Z
ASSESS:f4ff60e4384d3bbba54f9831abd9220a,c387e983-f87b-4471-aef5-c31634fd1433,Global Tara Bot,cbcf21a0-73ad-4e96-9802-38ea535cf88b,e62054f6-cadc-49d3-806b-9f27409ca879,ftp,"","",0,1,1,[],"[{\"ans1\":\"0\"}]",question./data/board_selection[1]/br_program_selection[1],false,2022-06-21T14:51:33.959Z,2022-06-21T14:51:33.959Z
ASSESS:81e60d3b138534f5ba186bbbee367951,c387e983-f87b-4471-aef5-c31634fd1433,Global Tara Bot,cbcf21a0-73ad-4e96-9802-38ea535cf88b,a3fd00b8-eac9-4efa-944a-19b8788e1084,mcq,"Hi, I'm Tara,
May I help you?

Reply with a number from to the options shown to explore further","",0,1,1,"[{\"1\":{\"text\":\"1 Your Education Boards\"}},{\"2\":{\"text\":\"2 Comic books\"}},{\"3\":{\"text\":\"3 DIKSHA mobile app\"}},{\"4\":{\"text\":\"4 DIKSHA queries\"}}]","[{\"ans1\":\"1 Your Education Boards\"}]",question./data/bot_start[1]/start_program[1],false,2022-06-21T14:51:41.871Z,2022-06-21T14:51:41.871Z
ASSESS:d80e265787dd31c0ac6490c8753bc03a,c387e983-f87b-4471-aef5-c31634fd1433,Global Tara Bot,cbcf21a0-73ad-4e96-9802-38ea535cf88b,65996f78-edae-41fb-8f7e-15b768b0405e,mcq,"Reply with a number from the options shown to explore further","",0,1,1,"[{\"1\":{\"text\":\"1 Andhra Pradesh\"}},{\"arunachal%20pradesh\":{\"text\":\"2. Arunachal Pradesh\"}},{\"3\":{\"text\":\"3 Assam\"}},{\"4\":{\"text\":\"4 Bihar\"}},{\"5\":{\"text\":\"5 Chandigarh\"}},{\"6\":{\"text\":\"6 Chhattisgarh\"}},{\"7\":{\"text\":\"7 Delhi\"}},{\"8\":{\"text\":\"8 Goa\"}},{\"9\":{\"text\":\"9 Gujarat\"}},{\"10\":{\"text\":\"10 Haryana\"}},{\"11\":{\"text\":\"11 Himachal Pradesh\"}},{\"12\":{\"text\":\"12 Jammu and Kashmir\"}},{\"13\":{\"text\":\"13 Jharkhand\"}},{\"14\":{\"text\":\"14 Karnataka\"}},{\"15\":{\"text\":\"15 Kerala\"}},{\"16\":{\"text\":\"16 Madhya Pradesh\"}},{\"17\":{\"text\":\"17 Maharashtra\"}},{\"18\":{\"text\":\"18 Manipur\"}},{\"19\":{\"text\":\"19 Meghalaya\"}},{\"mizoram\":{\"text\":\"20Mizoram\"}},{\"21\":{\"text\":\"21 Nagaland\"}},{\"22\":{\"text\":\"22 Odisha\"}},{\"23\":{\"text\":\"23 Punjab\"}},{\"24\":{\"text\":\"24 Rajasthan\"}},{\"25\":{\"text\":\"25 Sikkim\"}},{\"26\":{\"text\":\"26 Tamil nadu\"}},{\"27\":{\"text\":\"27 Telangana\"}},{\"28\":{\"text\":\"28 Tripura\"}},{\"29\":{\"text\":\"29 UttarPradesh\"}},{\"30\":{\"text\":\"30 Uttarakhand\"}},{\"31\":{\"text\":\"31 Andaman and Nicobar Islands\"}},{\"32\":{\"text\":\"32 DNH and DD\"}},{\"33\":{\"text\":\"33 Ladakh\"}},{\"34\":{\"text\":\"34 Puducherry\"}},{\"35\":{\"text\":\"35 CBSE/NCERT\"}},{\"36\":{\"text\":\"36 CISCE\"}}]","[{\"3\":{\"text\":\"3 Assam\"}}]",question./data/board_selection[1]/selected_board[1],false,2022-06-21T14:51:47.068Z,2022-06-21T14:51:47.068Z
ASSESS:88a4e6f89e4e346fbdc2fff11af7fa69,c387e983-f87b-4471-aef5-c31634fd1433,Global Tara Bot,cbcf21a0-73ad-4e96-9802-38ea535cf88b,2815fee4-e460-4e11-b739-911220c635b3,mcq,"What would you like to explore? 
Reply with a number from the options shown to explore further:","",0,1,1,"[{\"1\":{\"text\":\"1 Digital content\"}},{\"2\":{\"text\":\"2 Course\"}}]","[{\"2\":{\"text\":\"2 Course\"}}]",question./data/board_selection[1]/as_program_selection[1],true,2022-06-21T14:51:53.628Z,2022-06-21T14:51:53.628Z
ASSESS:c0336ba2a20f3cb4a949d913de369ce2,c387e983-f87b-4471-aef5-c31634fd1433,Global Tara Bot,cbcf21a0-73ad-4e96-9802-38ea535cf88b,6fc7c0cd-fbe8-4a29-b05d-c5cfe3dcb99f,ftp,"","",0,1,1,[],"[{\"ans1\":\"0\"}]",question./data/board_selection[1]/as_course_content[1]/eof_as_board_selection[1],false,2022-06-21T14:51:59.511Z,2022-06-21T14:51:59.511Z
ASSESS:81a306b0643f3e51b45c01ea1d07ad86,c387e983-f87b-4471-aef5-c31634fd1433,Global Tara Bot,cbcf21a0-73ad-4e96-9802-38ea535cf88b,a3fd00b8-eac9-4efa-944a-19b8788e1084,mcq,"Hi, I'm Tara,
May I help you?

Reply with a number from to the options shown to explore further","",0,1,1,"[{\"1\":{\"text\":\"1 Your Education Boards\"}},{\"2\":{\"text\":\"2 Comic books\"}},{\"3\":{\"text\":\"3 DIKSHA mobile app\"}},{\"4\":{\"text\":\"4 DIKSHA queries\"}}]","[{\"ans1\":\"1 Your Education Boards\"}]",question./data/bot_start[1]/start_program[1],false,2022-06-21T14:52:08.156Z,2022-06-21T14:52:08.156Z
ASSESS:73494e77420a3d3a8e2844043ad6df88,c387e983-f87b-4471-aef5-c31634fd1433,Global Tara Bot,cbcf21a0-73ad-4e96-9802-38ea535cf88b,65996f78-edae-41fb-8f7e-15b768b0405e,mcq,"Reply with a number from the options shown to explore further","",0,1,1,"[{\"1\":{\"text\":\"1 Andhra Pradesh\"}},{\"arunachal%20pradesh\":{\"text\":\"2. Arunachal Pradesh\"}},{\"3\":{\"text\":\"3 Assam\"}},{\"4\":{\"text\":\"4 Bihar\"}},{\"5\":{\"text\":\"5 Chandigarh\"}},{\"6\":{\"text\":\"6 Chhattisgarh\"}},{\"7\":{\"text\":\"7 Delhi\"}},{\"8\":{\"text\":\"8 Goa\"}},{\"9\":{\"text\":\"9 Gujarat\"}},{\"10\":{\"text\":\"10 Haryana\"}},{\"11\":{\"text\":\"11 Himachal Pradesh\"}},{\"12\":{\"text\":\"12 Jammu and Kashmir\"}},{\"13\":{\"text\":\"13 Jharkhand\"}},{\"14\":{\"text\":\"14 Karnataka\"}},{\"15\":{\"text\":\"15 Kerala\"}},{\"16\":{\"text\":\"16 Madhya Pradesh\"}},{\"17\":{\"text\":\"17 Maharashtra\"}},{\"18\":{\"text\":\"18 Manipur\"}},{\"19\":{\"text\":\"19 Meghalaya\"}},{\"mizoram\":{\"text\":\"20Mizoram\"}},{\"21\":{\"text\":\"21 Nagaland\"}},{\"22\":{\"text\":\"22 Odisha\"}},{\"23\":{\"text\":\"23 Punjab\"}},{\"24\":{\"text\":\"24 Rajasthan\"}},{\"25\":{\"text\":\"25 Sikkim\"}},{\"26\":{\"text\":\"26 Tamil nadu\"}},{\"27\":{\"text\":\"27 Telangana\"}},{\"28\":{\"text\":\"28 Tripura\"}},{\"29\":{\"text\":\"29 UttarPradesh\"}},{\"30\":{\"text\":\"30 Uttarakhand\"}},{\"31\":{\"text\":\"31 Andaman and Nicobar Islands\"}},{\"32\":{\"text\":\"32 DNH and DD\"}},{\"33\":{\"text\":\"33 Ladakh\"}},{\"34\":{\"text\":\"34 Puducherry\"}},{\"35\":{\"text\":\"35 CBSE/NCERT\"}},{\"36\":{\"text\":\"36 CISCE\"}}]","[{\"ans1\":\"45\"}]",question./data/board_selection[1]/selected_board[1],false,2022-06-21T14:52:18.311Z,2022-06-21T14:52:18.311Z
ASSESS:0108485ccb2731b8a2da6bf5cdce7ef2,c387e983-f87b-4471-aef5-c31634fd1433,Global Tara Bot,cbcf21a0-73ad-4e96-9802-38ea535cf88b,65996f78-edae-41fb-8f7e-15b768b0405e,mcq,"Reply with a number from the options shown to explore further","",0,1,1,"[{\"1\":{\"text\":\"1 Andhra Pradesh\"}},{\"arunachal%20pradesh\":{\"text\":\"2. Arunachal Pradesh\"}},{\"3\":{\"text\":\"3 Assam\"}},{\"4\":{\"text\":\"4 Bihar\"}},{\"5\":{\"text\":\"5 Chandigarh\"}},{\"6\":{\"text\":\"6 Chhattisgarh\"}},{\"7\":{\"text\":\"7 Delhi\"}},{\"8\":{\"text\":\"8 Goa\"}},{\"9\":{\"text\":\"9 Gujarat\"}},{\"10\":{\"text\":\"10 Haryana\"}},{\"11\":{\"text\":\"11 Himachal Pradesh\"}},{\"12\":{\"text\":\"12 Jammu and Kashmir\"}},{\"13\":{\"text\":\"13 Jharkhand\"}},{\"14\":{\"text\":\"14 Karnataka\"}},{\"15\":{\"text\":\"15 Kerala\"}},{\"16\":{\"text\":\"16 Madhya Pradesh\"}},{\"17\":{\"text\":\"17 Maharashtra\"}},{\"18\":{\"text\":\"18 Manipur\"}},{\"19\":{\"text\":\"19 Meghalaya\"}},{\"mizoram\":{\"text\":\"20Mizoram\"}},{\"21\":{\"text\":\"21 Nagaland\"}},{\"22\":{\"text\":\"22 Odisha\"}},{\"23\":{\"text\":\"23 Punjab\"}},{\"24\":{\"text\":\"24 Rajasthan\"}},{\"25\":{\"text\":\"25 Sikkim\"}},{\"26\":{\"text\":\"26 Tamil nadu\"}},{\"27\":{\"text\":\"27 Telangana\"}},{\"28\":{\"text\":\"28 Tripura\"}},{\"29\":{\"text\":\"29 UttarPradesh\"}},{\"30\":{\"text\":\"30 Uttarakhand\"}},{\"31\":{\"text\":\"31 Andaman and Nicobar Islands\"}},{\"32\":{\"text\":\"32 DNH and DD\"}},{\"33\":{\"text\":\"33 Ladakh\"}},{\"34\":{\"text\":\"34 Puducherry\"}},{\"35\":{\"text\":\"35 CBSE/NCERT\"}},{\"36\":{\"text\":\"36 CISCE\"}}]","[{\"ans1\":\"46\"}]",question./data/board_selection[1]/selected_board[1],false,2022-06-21T14:52:23.032Z,2022-06-21T14:52:23.032Z
ASSESS:7476d83c24b730fca492f01a03bae0f6,c387e983-f87b-4471-aef5-c31634fd1433,Global Tara Bot,cbcf21a0-73ad-4e96-9802-38ea535cf88b,65996f78-edae-41fb-8f7e-15b768b0405e,mcq,"Reply with a number from the options shown to explore further","",0,1,1,"[{\"1\":{\"text\":\"1 Andhra Pradesh\"}},{\"arunachal%20pradesh\":{\"text\":\"2. Arunachal Pradesh\"}},{\"3\":{\"text\":\"3 Assam\"}},{\"4\":{\"text\":\"4 Bihar\"}},{\"5\":{\"text\":\"5 Chandigarh\"}},{\"6\":{\"text\":\"6 Chhattisgarh\"}},{\"7\":{\"text\":\"7 Delhi\"}},{\"8\":{\"text\":\"8 Goa\"}},{\"9\":{\"text\":\"9 Gujarat\"}},{\"10\":{\"text\":\"10 Haryana\"}},{\"11\":{\"text\":\"11 Himachal Pradesh\"}},{\"12\":{\"text\":\"12 Jammu and Kashmir\"}},{\"13\":{\"text\":\"13 Jharkhand\"}},{\"14\":{\"text\":\"14 Karnataka\"}},{\"15\":{\"text\":\"15 Kerala\"}},{\"16\":{\"text\":\"16 Madhya Pradesh\"}},{\"17\":{\"text\":\"17 Maharashtra\"}},{\"18\":{\"text\":\"18 Manipur\"}},{\"19\":{\"text\":\"19 Meghalaya\"}},{\"mizoram\":{\"text\":\"20Mizoram\"}},{\"21\":{\"text\":\"21 Nagaland\"}},{\"22\":{\"text\":\"22 Odisha\"}},{\"23\":{\"text\":\"23 Punjab\"}},{\"24\":{\"text\":\"24 Rajasthan\"}},{\"25\":{\"text\":\"25 Sikkim\"}},{\"26\":{\"text\":\"26 Tamil nadu\"}},{\"27\":{\"text\":\"27 Telangana\"}},{\"28\":{\"text\":\"28 Tripura\"}},{\"29\":{\"text\":\"29 UttarPradesh\"}},{\"30\":{\"text\":\"30 Uttarakhand\"}},{\"31\":{\"text\":\"31 Andaman and Nicobar Islands\"}},{\"32\":{\"text\":\"32 DNH and DD\"}},{\"33\":{\"text\":\"33 Ladakh\"}},{\"34\":{\"text\":\"34 Puducherry\"}},{\"35\":{\"text\":\"35 CBSE/NCERT\"}},{\"36\":{\"text\":\"36 CISCE\"}}]","[{\"26\":{\"text\":\"26 Tamil nadu\"}}]",question./data/board_selection[1]/selected_board[1],true,2022-06-21T14:52:33.964Z,2022-06-21T14:52:33.964Z
ASSESS:824a05752ae53864bba7ba90dc918a9f,c387e983-f87b-4471-aef5-c31634fd1433,Global Tara Bot,cbcf21a0-73ad-4e96-9802-38ea535cf88b,b64b47e2-7059-4128-a1c2-6d3ea0ad618b,ftp,"","",0,1,1,[],"[{\"ans1\":\"2\"}]",endOfForm,true,2022-06-21T14:52:50.399Z,2022-06-21T14:52:50.399Z
ASSESS:1aebcda2d558390e9c9a11b83c1e2168,c387e983-f87b-4471-aef5-c31634fd1433,Global Tara Bot,cbcf21a0-73ad-4e96-9802-38ea535cf88b,b64b47e2-7059-4128-a1c2-6d3ea0ad618b,ftp,"","",0,1,1,[],"[{\"ans1\":\"0\"}]",endOfForm,false,2022-06-21T14:53:27.036Z,2022-06-21T14:53:27.036Z
ASSESS:489244861f09390fb6c40bd332946820,c387e983-f87b-4471-aef5-c31634fd1433,Global Tara Bot,cbcf21a0-73ad-4e96-9802-38ea535cf88b,a3fd00b8-eac9-4efa-944a-19b8788e1084,mcq,"Hi, I'm Tara,
May I help you?

Reply with a number from to the options shown to explore further","",0,1,1,"[{\"1\":{\"text\":\"1 Your Education Boards\"}},{\"2\":{\"text\":\"2 Comic books\"}},{\"3\":{\"text\":\"3 DIKSHA mobile app\"}},{\"4\":{\"text\":\"4 DIKSHA queries\"}}]","[{\"ans1\":\"1 Your Education Boards\"}]",question./data/bot_start[1]/start_program[1],false,2022-06-21T14:53:38.212Z,2022-06-21T14:53:38.212Z
ASSESS:d1892c1ca4d130a9a294c18e15c4e55b,c387e983-f87b-4471-aef5-c31634fd1433,Global Tara Bot,cbcf21a0-73ad-4e96-9802-38ea535cf88b,65996f78-edae-41fb-8f7e-15b768b0405e,mcq,"Reply with a number from the options shown to explore further","",0,1,1,"[{\"1\":{\"text\":\"1 Andhra Pradesh\"}},{\"arunachal%20pradesh\":{\"text\":\"2. Arunachal Pradesh\"}},{\"3\":{\"text\":\"3 Assam\"}},{\"4\":{\"text\":\"4 Bihar\"}},{\"5\":{\"text\":\"5 Chandigarh\"}},{\"6\":{\"text\":\"6 Chhattisgarh\"}},{\"7\":{\"text\":\"7 Delhi\"}},{\"8\":{\"text\":\"8 Goa\"}},{\"9\":{\"text\":\"9 Gujarat\"}},{\"10\":{\"text\":\"10 Haryana\"}},{\"11\":{\"text\":\"11 Himachal Pradesh\"}},{\"12\":{\"text\":\"12 Jammu and Kashmir\"}},{\"13\":{\"text\":\"13 Jharkhand\"}},{\"14\":{\"text\":\"14 Karnataka\"}},{\"15\":{\"text\":\"15 Kerala\"}},{\"16\":{\"text\":\"16 Madhya Pradesh\"}},{\"17\":{\"text\":\"17 Maharashtra\"}},{\"18\":{\"text\":\"18 Manipur\"}},{\"19\":{\"text\":\"19 Meghalaya\"}},{\"mizoram\":{\"text\":\"20Mizoram\"}},{\"21\":{\"text\":\"21 Nagaland\"}},{\"22\":{\"text\":\"22 Odisha\"}},{\"23\":{\"text\":\"23 Punjab\"}},{\"24\":{\"text\":\"24 Rajasthan\"}},{\"25\":{\"text\":\"25 Sikkim\"}},{\"26\":{\"text\":\"26 Tamil nadu\"}},{\"27\":{\"text\":\"27 Telangana\"}},{\"28\":{\"text\":\"28 Tripura\"}},{\"29\":{\"text\":\"29 UttarPradesh\"}},{\"30\":{\"text\":\"30 Uttarakhand\"}},{\"31\":{\"text\":\"31 Andaman and Nicobar Islands\"}},{\"32\":{\"text\":\"32 DNH and DD\"}},{\"33\":{\"text\":\"33 Ladakh\"}},{\"34\":{\"text\":\"34 Puducherry\"}},{\"35\":{\"text\":\"35 CBSE/NCERT\"}},{\"36\":{\"text\":\"36 CISCE\"}}]","[{\"ans1\":\"2\"}]",question./data/board_selection[1]/selected_board[1],false,2022-06-21T14:53:45.271Z,2022-06-21T14:53:45.271Z
ASSESS:11bee1e23d4d35dba177ef79de11c047,c387e983-f87b-4471-aef5-c31634fd1433,Global Tara Bot,cbcf21a0-73ad-4e96-9802-38ea535cf88b,0d7e4da0-46e7-4aae-a688-513307aef089,mcq,"What would you like to explore? 
Reply with a number from the options shown to explore further:","",0,1,1,"[{\"1\":{\"text\":\"1 Digital content\"}},{\"2\":{\"text\":\"2 Course\"}}]","[{\"1\":{\"text\":\"1 Digital content\"}}]",question./data/board_selection[1]/arp_program_selection[1],true,2022-06-21T14:53:52.019Z,2022-06-21T14:53:52.019Z
ASSESS:f8d32f5fb50a3c329c870bc1c1a328bb,c387e983-f87b-4471-aef5-c31634fd1433,Global Tara Bot,cbcf21a0-73ad-4e96-9802-38ea535cf88b,2006e418-4b2b-4dfe-ac3d-e1e37903f9b2,ftp,"","",0,1,1,[],"[{\"ans1\":\"0\"}]",question./data/board_selection[1]/arp_degital_content[1]/eof_arp_board_selection[1],false,2022-06-21T14:54:02.891Z,2022-06-21T14:54:02.891Z
ASSESS:7142e5aa9a7d3cc99fad77eac074a8d4,c387e983-f87b-4471-aef5-c31634fd1433,Global Tara Bot,cbcf21a0-73ad-4e96-9802-38ea535cf88b,a3fd00b8-eac9-4efa-944a-19b8788e1084,mcq,"Hi, I'm Tara,
May I help you?

Reply with a number from to the options shown to explore further","",0,1,1,"[{\"1\":{\"text\":\"1 Your Education Boards\"}},{\"2\":{\"text\":\"2 Comic books\"}},{\"3\":{\"text\":\"3 DIKSHA mobile app\"}},{\"4\":{\"text\":\"4 DIKSHA queries\"}}]","[{\"ans1\":\"1 Your Education Boards\"}]",question./data/bot_start[1]/start_program[1],false,2022-06-21T14:54:11.216Z,2022-06-21T14:54:11.216Z
ASSESS:86711c0a76b63c96bb6a7fac85b78e98,c387e983-f87b-4471-aef5-c31634fd1433,Global Tara Bot,cbcf21a0-73ad-4e96-9802-38ea535cf88b,65996f78-edae-41fb-8f7e-15b768b0405e,mcq,"Reply with a number from the options shown to explore further","",0,1,1,"[{\"1\":{\"text\":\"1 Andhra Pradesh\"}},{\"arunachal%20pradesh\":{\"text\":\"2. Arunachal Pradesh\"}},{\"3\":{\"text\":\"3 Assam\"}},{\"4\":{\"text\":\"4 Bihar\"}},{\"5\":{\"text\":\"5 Chandigarh\"}},{\"6\":{\"text\":\"6 Chhattisgarh\"}},{\"7\":{\"text\":\"7 Delhi\"}},{\"8\":{\"text\":\"8 Goa\"}},{\"9\":{\"text\":\"9 Gujarat\"}},{\"10\":{\"text\":\"10 Haryana\"}},{\"11\":{\"text\":\"11 Himachal Pradesh\"}},{\"12\":{\"text\":\"12 Jammu and Kashmir\"}},{\"13\":{\"text\":\"13 Jharkhand\"}},{\"14\":{\"text\":\"14 Karnataka\"}},{\"15\":{\"text\":\"15 Kerala\"}},{\"16\":{\"text\":\"16 Madhya Pradesh\"}},{\"17\":{\"text\":\"17 Maharashtra\"}},{\"18\":{\"text\":\"18 Manipur\"}},{\"19\":{\"text\":\"19 Meghalaya\"}},{\"mizoram\":{\"text\":\"20Mizoram\"}},{\"21\":{\"text\":\"21 Nagaland\"}},{\"22\":{\"text\":\"22 Odisha\"}},{\"23\":{\"text\":\"23 Punjab\"}},{\"24\":{\"text\":\"24 Rajasthan\"}},{\"25\":{\"text\":\"25 Sikkim\"}},{\"26\":{\"text\":\"26 Tamil nadu\"}},{\"27\":{\"text\":\"27 Telangana\"}},{\"28\":{\"text\":\"28 Tripura\"}},{\"29\":{\"text\":\"29 UttarPradesh\"}},{\"30\":{\"text\":\"30 Uttarakhand\"}},{\"31\":{\"text\":\"31 Andaman and Nicobar Islands\"}},{\"32\":{\"text\":\"32 DNH and DD\"}},{\"33\":{\"text\":\"33 Ladakh\"}},{\"34\":{\"text\":\"34 Puducherry\"}},{\"35\":{\"text\":\"35 CBSE/NCERT\"}},{\"36\":{\"text\":\"36 CISCE\"}}]","[{\"4\":{\"text\":\"4 Bihar\"}}]",question./data/board_selection[1]/selected_board[1],false,2022-06-21T14:54:26.427Z,2022-06-21T14:54:26.427Z
ASSESS:6b778e5b18a031c89b0ef02d92e5e712,c387e983-f87b-4471-aef5-c31634fd1433,Global Tara Bot,cbcf21a0-73ad-4e96-9802-38ea535cf88b,e62054f6-cadc-49d3-806b-9f27409ca879,mcq,"What would you like to explore? 
Reply with a number from the options shown to explore further:","",0,1,1,"[{\"1\":{\"text\":\"1 Digital content\"}},{\"2\":{\"text\":\"2 Course\"}}]","[{\"1\":{\"text\":\"1 Digital content\"}}]",question./data/board_selection[1]/br_program_selection[1],true,2022-06-21T14:54:46.958Z,2022-06-21T14:54:46.958Z
ASSESS:0ce1495e618a3872a1edadda84ca7ea1,c387e983-f87b-4471-aef5-c31634fd1433,Global Tara Bot,cbcf21a0-73ad-4e96-9802-38ea535cf88b,fd4d45e6-7a79-43db-97ca-5b3b1eb3e4db,ftp,"","",0,1,1,[],"[{\"ans1\":\"0\"}]",question./data/board_selection[1]/br_degital_content[1]/eof_br_board_selection[1],false,2022-06-21T14:54:52.838Z,2022-06-21T14:54:52.838Z
ASSESS:ea7cf23bf93f3a09ade760f8ec783b2c,c387e983-f87b-4471-aef5-c31634fd1433,Global Tara Bot,cbcf21a0-73ad-4e96-9802-38ea535cf88b,a3fd00b8-eac9-4efa-944a-19b8788e1084,mcq,"Hi, I'm Tara,
May I help you?

Reply with a number from to the options shown to explore further","",0,1,1,"[{\"1\":{\"text\":\"1 Your Education Boards\"}},{\"2\":{\"text\":\"2 Comic books\"}},{\"3\":{\"text\":\"3 DIKSHA mobile app\"}},{\"4\":{\"text\":\"4 DIKSHA queries\"}}]","[{\"2\":{\"text\":\"2 Comic books\"}}]",question./data/bot_start[1]/start_program[1],false,2022-06-21T14:54:57.276Z,2022-06-21T14:54:57.276Z
ASSESS:bf778dd4f6c33b99878befa685c42ecb,c387e983-f87b-4471-aef5-c31634fd1433,Global Tara Bot,cbcf21a0-73ad-4e96-9802-38ea535cf88b,65292cdc-8ba5-41c8-afbe-450682e60de4,mcq,"Have fun while you learn using comic books! 
Each comic book is aligned to a specific chapter/concept within the NCERT textbooks.

Reply with a number from the options shown below to choose your class","",0,1,1,"[{\"1\":{\"text\":\"1 Class 1\"}},{\"2\":{\"text\":\"2 Class 2\"}},{\"3\":{\"text\":\"3 Class 3\"}},{\"4\":{\"text\":\"4 Class 4\"}},{\"5\":{\"text\":\"5 Class 5\"}},{\"6\":{\"text\":\"6 Class 6\"}},{\"7\":{\"text\":\"7 Class 7\"}},{\"8\":{\"text\":\"8 Class 8\"}},{\"9\":{\"text\":\"9 Class 9\"}},{\"10\":{\"text\":\"10 Class 10\"}},{\"11\":{\"text\":\"11 Class 11\"}},{\"12\":{\"text\":\"12 Class 12\"}}]","[{\"3\":{\"text\":\"3 Class 3\"}}]",question./data/comic_books[1]/comic_book_class[1],true,2022-06-21T14:55:02.543Z,2022-06-21T14:55:02.543Z
ASSESS:897d7c5294f63cedb2124bc900a949f6,c387e983-f87b-4471-aef5-c31634fd1433,Global Tara Bot,cbcf21a0-73ad-4e96-9802-38ea535cf88b,04b68b0c-bfcf-4358-878f-b5eb482c480e,ftp,"","",0,1,1,[],"[{\"ans1\":\"0\"}]",question./data/comic_books[1]/eof_comic_book_class[1],false,2022-06-21T14:55:08.293Z,2022-06-21T14:55:08.293Z
ASSESS:b8719fc7128d37f787c0d24aa79b08c0,c387e983-f87b-4471-aef5-c31634fd1433,Global Tara Bot,cbcf21a0-73ad-4e96-9802-38ea535cf88b,a3fd00b8-eac9-4efa-944a-19b8788e1084,mcq,"Hi, I'm Tara,
May I help you?

Reply with a number from to the options shown to explore further","",0,1,1,"[{\"1\":{\"text\":\"1 Your Education Boards\"}},{\"2\":{\"text\":\"2 Comic books\"}},{\"3\":{\"text\":\"3 DIKSHA mobile app\"}},{\"4\":{\"text\":\"4 DIKSHA queries\"}}]","[{\"4\":{\"text\":\"4 DIKSHA queries\"}}]",question./data/bot_start[1]/start_program[1],false,2022-06-21T14:55:13.360Z,2022-06-21T14:55:13.360Z
ASSESS:f781d544b0be38b28454786a5f0836f2,c387e983-f87b-4471-aef5-c31634fd1433,Global Tara Bot,cbcf21a0-73ad-4e96-9802-38ea535cf88b,ad61b289-c85e-4f86-92f1-56146a3d0792,mcq,"Reply with a number from the options shown to get answers to your queries:","",0,1,1,"[{\"1\":{\"text\":\"1 Scan QR code\"}},{\"2\":{\"text\":\"2 Register on Diksha\"}},{\"3\":{\"text\":\"3 Login issues\"}},{\"4\":{\"text\":\"4 Reset password\"}},{\"5\":{\"text\":\"5 Other queries\"}}]","[{\"2\":{\"text\":\"2 Register on Diksha\"}}]",question./data/other_queries[1]/diksha_query_opt[1],false,2022-06-21T14:55:21.918Z,2022-06-21T14:55:21.918Z
ASSESS:0b2161e2e9583537b2cdf42a57e6d8fc,c387e983-f87b-4471-aef5-c31634fd1433,Global Tara Bot,cbcf21a0-73ad-4e96-9802-38ea535cf88b,535a7bb0-e865-4a0b-9655-095de4b5a7f2,ftp,"","",0,1,1,[],"[{\"ans1\":\"0\"}]",question./data/other_queries[1]/eod_register_on_diksha[1],false,2022-06-21T14:55:28.983Z,2022-06-21T14:55:28.983Z
ASSESS:e1f9b6ae28fb32ec840d4efbfd8d57fb,c387e983-f87b-4471-aef5-c31634fd1433,Global Tara Bot,cbcf21a0-73ad-4e96-9802-38ea535cf88b,a3fd00b8-eac9-4efa-944a-19b8788e1084,mcq,"Hi, I'm Tara,
May I help you?

Reply with a number from to the options shown to explore further","",0,1,1,"[{\"1\":{\"text\":\"1 Your Education Boards\"}},{\"2\":{\"text\":\"2 Comic books\"}},{\"3\":{\"text\":\"3 DIKSHA mobile app\"}},{\"4\":{\"text\":\"4 DIKSHA queries\"}}]","[{\"3\":{\"text\":\"3 DIKSHA mobile app\"}}]",question./data/bot_start[1]/start_program[1],true,2022-06-21T14:55:33.395Z,2022-06-21T14:55:33.395Z
ASSESS:29268ed8e6ef3b96976ec57a424d4cce,c387e983-f87b-4471-aef5-c31634fd1433,Global Tara Bot,cbcf21a0-73ad-4e96-9802-38ea535cf88b,f892197a-0d12-42e5-bb7b-915ad44371ec,ftp,"","",0,1,1,[],"[{\"ans1\":\"0\"}]",question./data/diksha_app[1]/eof_diksha_app[1],false,2022-06-21T14:55:39.550Z,2022-06-21T14:55:39.550Z
ASSESS:33a233238f643031a8a914760a957281,c387e983-f87b-4471-aef5-c31634fd1433,Global Tara Bot,cbcf21a0-73ad-4e96-9802-38ea535cf88b,a3fd00b8-eac9-4efa-944a-19b8788e1084,mcq,"Hi, I'm Tara,
May I help you?

Reply with a number from to the options shown to explore further","",0,1,1,"[{\"1\":{\"text\":\"1 Your Education Boards\"}},{\"2\":{\"text\":\"2 Comic books\"}},{\"3\":{\"text\":\"3 DIKSHA mobile app\"}},{\"4\":{\"text\":\"4 DIKSHA queries\"}}]","[{\"4\":{\"text\":\"4 DIKSHA queries\"}}]",question./data/bot_start[1]/start_program[1],false,2022-06-21T14:55:44.495Z,2022-06-21T14:55:44.495Z
ASSESS:2c3a1a6edc5431118168992c1771e7b6,c387e983-f87b-4471-aef5-c31634fd1433,Global Tara Bot,cbcf21a0-73ad-4e96-9802-38ea535cf88b,ad61b289-c85e-4f86-92f1-56146a3d0792,mcq,"Reply with a number from the options shown to get answers to your queries:","",0,1,1,"[{\"1\":{\"text\":\"1 Scan QR code\"}},{\"2\":{\"text\":\"2 Register on Diksha\"}},{\"3\":{\"text\":\"3 Login issues\"}},{\"4\":{\"text\":\"4 Reset password\"}},{\"5\":{\"text\":\"5 Other queries\"}}]","[{\"2\":{\"text\":\"2 Register on Diksha\"}}]",question./data/other_queries[1]/diksha_query_opt[1],false,2022-06-21T14:55:50.669Z,2022-06-21T14:55:50.669Z
ASSESS:fbd2e319b6ae30f0bb13039c926e2039,c387e983-f87b-4471-aef5-c31634fd1433,Global Tara Bot,cbcf21a0-73ad-4e96-9802-38ea535cf88b,535a7bb0-e865-4a0b-9655-095de4b5a7f2,ftp,"","",0,1,1,[],"[{\"ans1\":\"0\"}]",question./data/other_queries[1]/eod_register_on_diksha[1],false,2022-06-21T14:55:56.331Z,2022-06-21T14:55:56.331Z
ASSESS:bc23e88ea73e3b83b9260406e7f27241,c387e983-f87b-4471-aef5-c31634fd1433,Global Tara Bot,cbcf21a0-73ad-4e96-9802-38ea535cf88b,a3fd00b8-eac9-4efa-944a-19b8788e1084,mcq,"Hi, I'm Tara,
May I help you?

Reply with a number from to the options shown to explore further","",0,1,1,"[{\"1\":{\"text\":\"1 Your Education Boards\"}},{\"2\":{\"text\":\"2 Comic books\"}},{\"3\":{\"text\":\"3 DIKSHA mobile app\"}},{\"4\":{\"text\":\"4 DIKSHA queries\"}}]","[{\"1\":{\"text\":\"1 Your Education Boards\"}}]",question./data/bot_start[1]/start_program[1],false,2022-06-21T14:56:08.303Z,2022-06-21T14:56:08.303Z
ASSESS:c462d987155d3523a1da671c08befa6d,c387e983-f87b-4471-aef5-c31634fd1433,Global Tara Bot,cbcf21a0-73ad-4e96-9802-38ea535cf88b,65996f78-edae-41fb-8f7e-15b768b0405e,mcq,"Reply with a number from the options shown to explore further","",0,1,1,"[{\"1\":{\"text\":\"1 Andhra Pradesh\"}},{\"arunachal%20pradesh\":{\"text\":\"2. Arunachal Pradesh\"}},{\"3\":{\"text\":\"3 Assam\"}},{\"4\":{\"text\":\"4 Bihar\"}},{\"5\":{\"text\":\"5 Chandigarh\"}},{\"6\":{\"text\":\"6 Chhattisgarh\"}},{\"7\":{\"text\":\"7 Delhi\"}},{\"8\":{\"text\":\"8 Goa\"}},{\"9\":{\"text\":\"9 Gujarat\"}},{\"10\":{\"text\":\"10 Haryana\"}},{\"11\":{\"text\":\"11 Himachal Pradesh\"}},{\"12\":{\"text\":\"12 Jammu and Kashmir\"}},{\"13\":{\"text\":\"13 Jharkhand\"}},{\"14\":{\"text\":\"14 Karnataka\"}},{\"15\":{\"text\":\"15 Kerala\"}},{\"16\":{\"text\":\"16 Madhya Pradesh\"}},{\"17\":{\"text\":\"17 Maharashtra\"}},{\"18\":{\"text\":\"18 Manipur\"}},{\"19\":{\"text\":\"19 Meghalaya\"}},{\"mizoram\":{\"text\":\"20Mizoram\"}},{\"21\":{\"text\":\"21 Nagaland\"}},{\"22\":{\"text\":\"22 Odisha\"}},{\"23\":{\"text\":\"23 Punjab\"}},{\"24\":{\"text\":\"24 Rajasthan\"}},{\"25\":{\"text\":\"25 Sikkim\"}},{\"26\":{\"text\":\"26 Tamil nadu\"}},{\"27\":{\"text\":\"27 Telangana\"}},{\"28\":{\"text\":\"28 Tripura\"}},{\"29\":{\"text\":\"29 UttarPradesh\"}},{\"30\":{\"text\":\"30 Uttarakhand\"}},{\"31\":{\"text\":\"31 Andaman and Nicobar Islands\"}},{\"32\":{\"text\":\"32 DNH and DD\"}},{\"33\":{\"text\":\"33 Ladakh\"}},{\"34\":{\"text\":\"34 Puducherry\"}},{\"35\":{\"text\":\"35 CBSE/NCERT\"}},{\"36\":{\"text\":\"36 CISCE\"}}]","[{\"ans1\":\"2\"}]",question./data/board_selection[1]/selected_board[1],false,2022-06-21T14:56:13.399Z,2022-06-21T14:56:13.399Z
ASSESS:9b2143f05f3c392481f10c859e648ee7,c387e983-f87b-4471-aef5-c31634fd1433,Global Tara Bot,cbcf21a0-73ad-4e96-9802-38ea535cf88b,0d7e4da0-46e7-4aae-a688-513307aef089,mcq,"What would you like to explore? 
Reply with a number from the options shown to explore further:","",0,1,1,"[{\"1\":{\"text\":\"1 Digital content\"}},{\"2\":{\"text\":\"2 Course\"}}]","[{\"1\":{\"text\":\"1 Digital content\"}}]",question./data/board_selection[1]/arp_program_selection[1],true,2022-06-21T14:56:18.769Z,2022-06-21T14:56:18.769Z
ASSESS:ff27b9abf5d83bbe80255c3f6b495615,c387e983-f87b-4471-aef5-c31634fd1433,Global Tara Bot,cbcf21a0-73ad-4e96-9802-38ea535cf88b,2006e418-4b2b-4dfe-ac3d-e1e37903f9b2,ftp,"","",0,1,1,[],"[{\"ans1\":\"0\"}]",question./data/board_selection[1]/arp_degital_content[1]/eof_arp_board_selection[1],false,2022-06-21T14:56:23.470Z,2022-06-21T14:56:23.470Z
ASSESS:460b15e5e8ca36daafe656cf1579c9e7,c387e983-f87b-4471-aef5-c31634fd1433,Global Tara Bot,cbcf21a0-73ad-4e96-9802-38ea535cf88b,a3fd00b8-eac9-4efa-944a-19b8788e1084,mcq,"Hi, I'm Tara,
May I help you?

Reply with a number from to the options shown to explore further","",0,1,1,"[{\"1\":{\"text\":\"1 Your Education Boards\"}},{\"2\":{\"text\":\"2 Comic books\"}},{\"3\":{\"text\":\"3 DIKSHA mobile app\"}},{\"4\":{\"text\":\"4 DIKSHA queries\"}}]","[{\"1\":{\"text\":\"1 Your Education Boards\"}}]",question./data/bot_start[1]/start_program[1],false,2022-06-21T14:56:28.327Z,2022-06-21T14:56:28.327Z
ASSESS:c494bc45090e3b6eaf3ea0c4ad33df1d,c387e983-f87b-4471-aef5-c31634fd1433,Global Tara Bot,cbcf21a0-73ad-4e96-9802-38ea535cf88b,65996f78-edae-41fb-8f7e-15b768b0405e,mcq,"Reply with a number from the options shown to explore further","",0,1,1,"[{\"1\":{\"text\":\"1 Andhra Pradesh\"}},{\"arunachal%20pradesh\":{\"text\":\"2. Arunachal Pradesh\"}},{\"3\":{\"text\":\"3 Assam\"}},{\"4\":{\"text\":\"4 Bihar\"}},{\"5\":{\"text\":\"5 Chandigarh\"}},{\"6\":{\"text\":\"6 Chhattisgarh\"}},{\"7\":{\"text\":\"7 Delhi\"}},{\"8\":{\"text\":\"8 Goa\"}},{\"9\":{\"text\":\"9 Gujarat\"}},{\"10\":{\"text\":\"10 Haryana\"}},{\"11\":{\"text\":\"11 Himachal Pradesh\"}},{\"12\":{\"text\":\"12 Jammu and Kashmir\"}},{\"13\":{\"text\":\"13 Jharkhand\"}},{\"14\":{\"text\":\"14 Karnataka\"}},{\"15\":{\"text\":\"15 Kerala\"}},{\"16\":{\"text\":\"16 Madhya Pradesh\"}},{\"17\":{\"text\":\"17 Maharashtra\"}},{\"18\":{\"text\":\"18 Manipur\"}},{\"19\":{\"text\":\"19 Meghalaya\"}},{\"mizoram\":{\"text\":\"20Mizoram\"}},{\"21\":{\"text\":\"21 Nagaland\"}},{\"22\":{\"text\":\"22 Odisha\"}},{\"23\":{\"text\":\"23 Punjab\"}},{\"24\":{\"text\":\"24 Rajasthan\"}},{\"25\":{\"text\":\"25 Sikkim\"}},{\"26\":{\"text\":\"26 Tamil nadu\"}},{\"27\":{\"text\":\"27 Telangana\"}},{\"28\":{\"text\":\"28 Tripura\"}},{\"29\":{\"text\":\"29 UttarPradesh\"}},{\"30\":{\"text\":\"30 Uttarakhand\"}},{\"31\":{\"text\":\"31 Andaman and Nicobar Islands\"}},{\"32\":{\"text\":\"32 DNH and DD\"}},{\"33\":{\"text\":\"33 Ladakh\"}},{\"34\":{\"text\":\"34 Puducherry\"}},{\"35\":{\"text\":\"35 CBSE/NCERT\"}},{\"36\":{\"text\":\"36 CISCE\"}}]","[{\"3\":{\"text\":\"3 Assam\"}}]",question./data/board_selection[1]/selected_board[1],false,2022-06-21T14:56:34.325Z,2022-06-21T14:56:34.325Z
ASSESS:7dc6a97bdc893cdfb1142bd2cc11ed62,c387e983-f87b-4471-aef5-c31634fd1433,Global Tara Bot,cbcf21a0-73ad-4e96-9802-38ea535cf88b,2815fee4-e460-4e11-b739-911220c635b3,mcq,"What would you like to explore? 
Reply with a number from the options shown to explore further:","",0,1,1,"[{\"1\":{\"text\":\"1 Digital content\"}},{\"2\":{\"text\":\"2 Course\"}}]","[{\"1\":{\"text\":\"1 Digital content\"}}]",question./data/board_selection[1]/as_program_selection[1],true,2022-06-21T14:56:39.471Z,2022-06-21T14:56:39.471Z
ASSESS:749d0541174237fcafedd9cdf85fc3f3,c387e983-f87b-4471-aef5-c31634fd1433,Global Tara Bot,cbcf21a0-73ad-4e96-9802-38ea535cf88b,372d88be-6040-41bb-9e2e-520da3077b80,ftp,"","",0,1,1,[],"[{\"ans1\":\"0\"}]",question./data/board_selection[1]/as_degital_content[1]/eof_as_board_selection[1],false,2022-06-21T14:56:44.896Z,2022-06-21T14:56:44.896Z
ASSESS:dc2a026418f835e2b0943149510d7b29,c387e983-f87b-4471-aef5-c31634fd1433,Global Tara Bot,cbcf21a0-73ad-4e96-9802-38ea535cf88b,a3fd00b8-eac9-4efa-944a-19b8788e1084,mcq,"Hi, I'm Tara,
May I help you?

Reply with a number from to the options shown to explore further","",0,1,1,"[{\"1\":{\"text\":\"1 Your Education Boards\"}},{\"2\":{\"text\":\"2 Comic books\"}},{\"3\":{\"text\":\"3 DIKSHA mobile app\"}},{\"4\":{\"text\":\"4 DIKSHA queries\"}}]","[{\"4\":{\"text\":\"4 DIKSHA queries\"}}]",question./data/bot_start[1]/start_program[1],false,2022-06-21T14:56:57.681Z,2022-06-21T14:56:57.681Z
ASSESS:522e801d6c9a336d84e83c17349ecec3,c387e983-f87b-4471-aef5-c31634fd1433,Global Tara Bot,cbcf21a0-73ad-4e96-9802-38ea535cf88b,ad61b289-c85e-4f86-92f1-56146a3d0792,mcq,"Reply with a number from the options shown to get answers to your queries:","",0,1,1,"[{\"1\":{\"text\":\"1 Scan QR code\"}},{\"2\":{\"text\":\"2 Register on Diksha\"}},{\"3\":{\"text\":\"3 Login issues\"}},{\"4\":{\"text\":\"4 Reset password\"}},{\"5\":{\"text\":\"5 Other queries\"}}]","[{\"3\":{\"text\":\"3 Login issues\"}}]",question./data/other_queries[1]/diksha_query_opt[1],false,2022-06-21T14:57:03.585Z,2022-06-21T14:57:03.585Z
ASSESS:9f3c54ba39c13cc2bca8676d86189f28,c387e983-f87b-4471-aef5-c31634fd1433,Global Tara Bot,cbcf21a0-73ad-4e96-9802-38ea535cf88b,e4a21e15-2ded-44fb-adff-34439d0e7526,ftp,"","",0,1,1,[],"[{\"ans1\":\"0\"}]",question./data/other_queries[1]/eod_unable_to_login[1],false,2022-06-21T15:01:02.440Z,2022-06-21T15:01:02.440Z
ASSESS:84e0e3ae944633e98acb3adb10f050e8,c387e983-f87b-4471-aef5-c31634fd1433,Global Tara Bot,cbcf21a0-73ad-4e96-9802-38ea535cf88b,a3fd00b8-eac9-4efa-944a-19b8788e1084,mcq,"Hi, I'm Tara,
May I help you?

Reply with a number from to the options shown to explore further","",0,1,1,"[{\"1\":{\"text\":\"1 Your Education Boards\"}},{\"2\":{\"text\":\"2 Comic books\"}},{\"3\":{\"text\":\"3 DIKSHA mobile app\"}},{\"4\":{\"text\":\"4 DIKSHA queries\"}}]","[{\"2\":{\"text\":\"2 Comic books\"}}]",question./data/bot_start[1]/start_program[1],false,2022-06-21T15:01:54.891Z,2022-06-21T15:01:54.891Z
ASSESS:6a41025171bf3031a84ea79435fede7e,c387e983-f87b-4471-aef5-c31634fd1433,Global Tara Bot,cbcf21a0-73ad-4e96-9802-38ea535cf88b,65292cdc-8ba5-41c8-afbe-450682e60de4,mcq,"Have fun while you learn using comic books! 
Each comic book is aligned to a specific chapter/concept within the NCERT textbooks.

Reply with a number from the options shown below to choose your class","",0,1,1,"[{\"1\":{\"text\":\"1 Class 1\"}},{\"2\":{\"text\":\"2 Class 2\"}},{\"3\":{\"text\":\"3 Class 3\"}},{\"4\":{\"text\":\"4 Class 4\"}},{\"5\":{\"text\":\"5 Class 5\"}},{\"6\":{\"text\":\"6 Class 6\"}},{\"7\":{\"text\":\"7 Class 7\"}},{\"8\":{\"text\":\"8 Class 8\"}},{\"9\":{\"text\":\"9 Class 9\"}},{\"10\":{\"text\":\"10 Class 10\"}},{\"11\":{\"text\":\"11 Class 11\"}},{\"12\":{\"text\":\"12 Class 12\"}}]","[{\"2\":{\"text\":\"2 Class 2\"}}]",question./data/comic_books[1]/comic_book_class[1],true,2022-06-21T15:03:02.464Z,2022-06-21T15:03:02.464Z
ASSESS:1ee7843d23ae3c4384bd8c719180b2a6,c387e983-f87b-4471-aef5-c31634fd1433,Global Tara Bot,cbcf21a0-73ad-4e96-9802-38ea535cf88b,04b68b0c-bfcf-4358-878f-b5eb482c480e,ftp,"","",0,1,1,[],"[{\"ans1\":\"0\"}]",question./data/comic_books[1]/eof_comic_book_class[1],false,2022-06-21T15:03:10.241Z,2022-06-21T15:03:10.241Z
ASSESS:c4520f827ed239afbe337b89f182e6e5,c387e983-f87b-4471-aef5-c31634fd1433,Global Tara Bot,cbcf21a0-73ad-4e96-9802-38ea535cf88b,a3fd00b8-eac9-4efa-944a-19b8788e1084,mcq,"Hi, I'm Tara,
May I help you?

Reply with a number from to the options shown to explore further","",0,1,1,"[{\"1\":{\"text\":\"1 Your Education Boards\"}},{\"2\":{\"text\":\"2 Comic books\"}},{\"3\":{\"text\":\"3 DIKSHA mobile app\"}},{\"4\":{\"text\":\"4 DIKSHA queries\"}}]","[{\"ans1\":\"2 Comic books\"}]",question./data/bot_start[1]/start_program[1],false,2022-06-21T15:03:18.994Z,2022-06-21T15:03:18.994Z
ASSESS:4f865f46a72436758798dd5ffe303c4d,c387e983-f87b-4471-aef5-c31634fd1433,Global Tara Bot,cbcf21a0-73ad-4e96-9802-38ea535cf88b,65292cdc-8ba5-41c8-afbe-450682e60de4,mcq,"Have fun while you learn using comic books! 
Each comic book is aligned to a specific chapter/concept within the NCERT textbooks.

Reply with a number from the options shown below to choose your class","",0,1,1,"[{\"1\":{\"text\":\"1 Class 1\"}},{\"2\":{\"text\":\"2 Class 2\"}},{\"3\":{\"text\":\"3 Class 3\"}},{\"4\":{\"text\":\"4 Class 4\"}},{\"5\":{\"text\":\"5 Class 5\"}},{\"6\":{\"text\":\"6 Class 6\"}},{\"7\":{\"text\":\"7 Class 7\"}},{\"8\":{\"text\":\"8 Class 8\"}},{\"9\":{\"text\":\"9 Class 9\"}},{\"10\":{\"text\":\"10 Class 10\"}},{\"11\":{\"text\":\"11 Class 11\"}},{\"12\":{\"text\":\"12 Class 12\"}}]","[{\"5\":{\"text\":\"5 Class 5\"}}]",question./data/comic_books[1]/comic_book_class[1],true,2022-06-21T15:03:42.100Z,2022-06-21T15:03:42.100Z
